Surname,passenger_count,survived_count,survival_rate,passenger_ids,names
Andersson,9,2,0.2222222222222222,"14, 69, 120, 147, 542, 543, 611, 814, 851","Andersson, Mr. Anders Johan | Andersson, Miss. Erna Alexandra | Andersson, Miss. Ellis Anna Maria | Andersson, Mr. August Edvard (""Wennerstrom"") | Andersson, Miss. Ingeborg Constanzia | Andersson, Miss. Sigrid Elisabeth | Andersson, Mrs. Anders Johan (Alfrida Konstantia Brogren) | Andersson, Miss. Ebba Iris Alfrida | Andersson, Master. Sigvard Harald Elias"
Sage,7,0,0.0,"160, 181, 202, 325, 793, 847, 864","Sage, Master. Thomas Henry | Sage, Miss. Constance Gladys | Sage, Mr. Frederick | Sage, Mr. George John Jr | Sage, Miss. Stella Anna | Sage, Mr. Douglas Bullen | Sage, Miss. Dorothy Edith ""Dolly"""
Carter,6,4,0.6666666666666666,"250, 391, 436, 764, 803, 855","Carter, Rev. Ernest Courtenay | Carter, Mr. William Ernest | Carter, Miss. Lucile Polk | Carter, Mrs. William Ernest (Lucile Polk) | Carter, Master. William Thornton II | Carter, Mrs. Ernest Courtenay (Lilian Hughes)"
Johnson,6,3,0.5,"9, 173, 303, 598, 720, 870","Johnson, Mrs. Oscar W (Elisabeth Vilhelmina Berg) | Johnson, Miss. Eleanor Ileen | Johnson, Mr. William Cahoone Jr | Johnson, Mr. Alfred | Johnson, Mr. Malkolm Joackim | Johnson, Master. Harold Theodor"
Goodwin,6,0,0.0,"60, 72, 387, 481, 679, 684","Goodwin, Master. William Frederick | Goodwin, Miss. Lillian Amy | Goodwin, Master. Sidney Leonard | Goodwin, Master. Harold Victor | Goodwin, Mrs. Frederick (Augusta Tyler) | Goodwin, Mr. Charles Edward"
Panula,6,0,0.0,"51, 165, 267, 639, 687, 825","Panula, Master. Juha Niilo | Panula, Master. Eino Viljami | Panula, Mr. Ernesti Arvid | Panula, Mrs. Juha (Maria Emilia Ojala) | Panula, Mr. Jaako Arnold | Panula, Master. Urho Abraham"
Skoog,6,0,0.0,"64, 168, 361, 635, 643, 820","Skoog, Master. Harald | Skoog, Mrs. William (Anna Bernhardina Karlsson) | Skoog, Mr. Wilhelm | Skoog, Miss. Mabel | Skoog, Miss. Margit Elizabeth | Skoog, Master. Karl Thorsten"
Rice,5,0,0.0,"17, 172, 279, 788, 886","Rice, Master. Eugene | Rice, Master. Arthur | Rice, Master. Eric | Rice, Master. George Hugh | Rice, Mrs. William (Margaret Norton)"
Baclini,4,4,1.0,"449, 470, 645, 859","Baclini, Miss. Marie Catherine | Baclini, Miss. Helene Barbara | Baclini, Miss. Eugenie | Baclini, Mrs. Solomon (Latifa Qurban)"
Asplund,4,3,0.75,"26, 183, 234, 262","Asplund, Mrs. Carl Oscar (Selma Augusta Emilia Johansson) | Asplund, Master. Clarence Gustaf Hugo | Asplund, Miss. Lillian Gertrud | Asplund, Master. Edvin Rojj Felix"
Brown,4,3,0.75,"195, 346, 671, 685","Brown, Mrs. James Joseph (Margaret Tobin) | Brown, Miss. Amelia ""Mildred"" | Brown, Mrs. Thomas William Solomon (Elizabeth Catherine Ford) | Brown, Mr. Thomas William Solomon"
Harper,4,3,0.75,"53, 646, 721, 849","Harper, Mrs. Henry Sleeper (Myna Haxtun) | Harper, Mr. Henry Sleeper | Harper, Miss. Annie Jessie ""Nina"" | Harper, Rev. John"
Kelly,4,3,0.75,"301, 574, 697, 707","Kelly, Miss. Anna Katherine ""Annie Kate"" | Kelly, Miss. Mary | Kelly, Mr. James | Kelly, Mrs. Florence ""Fannie"""
Fortune,4,2,0.5,"28, 89, 342, 439","Fortune, Mr. Charles Alexander | Fortune, Miss. Mabel Helen | Fortune, Miss. Alice Elizabeth | Fortune, Mr. Mark"
Harris,4,2,0.5,"63, 220, 231, 571","Harris, Mr. Henry Birkhardt | Harris, Mr. Walter | Harris, Mrs. Henry Birkhardt (Irene Wallach) | Harris, Mr. George"
Hart,4,2,0.5,"315, 412, 441, 536","Hart, Mr. Benjamin | Hart, Mr. Henry | Hart, Mrs. Benjamin (Esther Ada Bloomfield) | Hart, Miss. Eva Miriam"
Smith,4,1,0.25,"175, 261, 285, 347","Smith, Mr. James Clinch | Smith, Mr. Thomas | Smith, Mr. Richard William | Smith, Miss. Marion Elsie"
Williams,4,1,0.25,"18, 156, 305, 736","Williams, Mr. Charles Eugene | Williams, Mr. Charles Duane | Williams, Mr. Howard Hugh ""Harry"" | Williams, Mr. Leslie"
Ford,4,0,0.0,"87, 148, 437, 737","Ford, Mr. William Neal | Ford, Miss. Robina Maggie ""Ruby"" | Ford, Miss. Doolina Margaret ""Daisy"" | Ford, Mrs. Edward (Margaret Ann Watson)"
Gustafsson,4,0,0.0,"105, 380, 393, 877","Gustafsson, Mr. Anders Vilhelm | Gustafsson, Mr. Karl Gideon | Gustafsson, Mr. Johan Birger | Gustafsson, Mr. Alfred Ossian"
Lefebre,4,0,0.0,"177, 230, 410, 486","Lefebre, Master. Henry Forbes | Lefebre, Miss. Mathilde | Lefebre, Miss. Ida | Lefebre, Miss. Jeannie"
Palsson,4,0,0.0,"8, 25, 375, 568","Palsson, Master. Gosta Leonard | Palsson, Miss. Torborg Danira | Palsson, Miss. Stina Viola | Palsson, Mrs. Nils (Alma Cornelia Berglund)"
Richards,3,3,1.0,"408, 438, 832","Richards, Master. William Rowe | Richards, Mrs. Sidney (Emily Hocking) | Richards, Master. George Sibley"
Collyer,3,2,0.6666666666666666,"238, 638, 802","Collyer, Miss. Marjorie ""Lottie"" | Collyer, Mr. Harvey | Collyer, Mrs. Harvey (Charlotte Annie Tate)"
Goldsmith,3,2,0.6666666666666666,"166, 329, 549","Goldsmith, Master. Frank John William ""Frankie"" | Goldsmith, Mrs. Frank John (Emily Alice Brown) | Goldsmith, Mr. Frank John"
Graham,3,2,0.6666666666666666,"269, 333, 888","Graham, Mrs. William Thompson (Edith Junkins) | Graham, Mr. George Edward | Graham, Miss. Margaret Edith"
Hoyt,3,2,0.6666666666666666,"225, 487, 794","Hoyt, Mr. Frederick Maxfield | Hoyt, Mrs. Frederick Maxfield (Jane Anne Forby) | Hoyt, Mr. William Fisher"
Laroche,3,2,0.6666666666666666,"44, 609, 686","Laroche, Miss. Simonne Marie Anne Andree | Laroche, Mrs. Joseph (Juliette Marie Louise Lafargue) | Laroche, Mr. Joseph Philippe Lemercier"
Navratil,3,2,0.6666666666666666,"149, 194, 341","Navratil, Mr. Michel (""Louis M Hoffman"") | Navratil, Master. Michel M | Navratil, Master. Edmond Roger"
Newell,3,2,0.6666666666666666,"216, 394, 660","Newell, Miss. Madeleine | Newell, Miss. Marjorie | Newell, Mr. Arthur Webster"
Taussig,3,2,0.6666666666666666,"263, 559, 586","Taussig, Mr. Emil | Taussig, Mrs. Emil (Tillie Mandelbaum) | Taussig, Miss. Ruth"
Thayer,3,2,0.6666666666666666,"551, 582, 699","Thayer, Mr. John Borland Jr | Thayer, Mrs. John Borland (Marian Longstreth Morris) | Thayer, Mr. John Borland"
West,3,2,0.6666666666666666,"59, 451, 473","West, Miss. Constance Mirium | West, Mr. Edwy Arthur | West, Mrs. Edwy Arthur (Ada Mary Worth)"
Allison,3,1,0.3333333333333333,"298, 306, 499","Allison, Miss. Helen Loraine | Allison, Master. Hudson Trevor | Allison, Mrs. Hudson J C (Bessie Waldo Daniels)"
Davies,3,1,0.3333333333333333,"386, 550, 566","Davies, Mr. Charles Henry | Davies, Master. John Morgan Jr | Davies, Mr. Alfred J"
Flynn,3,1,0.3333333333333333,"429, 573, 826","Flynn, Mr. James | Flynn, Mr. John Irwin (""Irving"") | Flynn, Mr. John"
Jussila,3,1,0.3333333333333333,"114, 403, 580","Jussila, Miss. Katriina | Jussila, Miss. Mari Aina | Jussila, Mr. Eiriik"
Meyer,3,1,0.3333333333333333,"35, 376, 809","Meyer, Mr. Edgar Joseph | Meyer, Mrs. Edgar Joseph (Leila Saks) | Meyer, Mr. August"
Moran,3,1,0.3333333333333333,"6, 110, 769","Moran, Mr. James | Moran, Miss. Bertha | Moran, Mr. Daniel J"
O'Brien,3,1,0.3333333333333333,"187, 365, 553","O'Brien, Mrs. Thomas (Johanna ""Hannah"" Godfrey) | O'Brien, Mr. Thomas | O'Brien, Mr. Timothy"
Boulos,3,0,0.0,"141, 599, 853","Boulos, Mrs. Joseph (Sultana) | Boulos, Mr. Hanna | Boulos, Miss. Nourelain"
Bourke,3,0,0.0,"189, 594, 658","Bourke, Mr. John | Bourke, Miss. Mary | Bourke, Mrs. John (Catherine)"
Elias,3,0,0.0,"353, 533, 774","Elias, Mr. Tannous | Elias, Mr. Joseph Jr | Elias, Mr. Dibo"
Hansen,3,0,0.0,"624, 705, 861","Hansen, Mr. Henry Damsgaard | Hansen, Mr. Henrik Juul | Hansen, Mr. Claus Peter"
Hickman,3,0,0.0,"121, 656, 666","Hickman, Mr. Stanley George | Hickman, Mr. Leonard Mark | Hickman, Mr. Lewis"
Jensen,3,0,0.0,"641, 722, 772","Jensen, Mr. Hans Peder | Jensen, Mr. Svend Lauritz | Jensen, Mr. Niels Peder"
Johansson,3,0,0.0,"104, 396, 806","Johansson, Mr. Gustaf Joel | Johansson, Mr. Erik | Johansson, Mr. Karl Johan"
Olsen,3,0,0.0,"155, 198, 509","Olsen, Mr. Ole Martin | Olsen, Mr. Karl Siegwart Andreas | Olsen, Mr. Henry Margido"
Van Impe,3,0,0.0,"420, 596, 800","Van Impe, Miss. Catharina | Van Impe, Mr. Jean Baptiste | Van Impe, Mrs. Jean Baptiste (Rosalie Paula Govaert)"
Vander Planke,3,0,0.0,"19, 39, 334","Vander Planke, Mrs. Julius (Emelia Maria Vandemoortele) | Vander Planke, Miss. Augusta Maria | Vander Planke, Mr. Leo Edmondus"
Beane,2,2,1.0,"544, 547","Beane, Mr. Edward | Beane, Mrs. Edward (Ethel Clarke)"
Becker,2,2,1.0,"184, 619","Becker, Master. Richard F | Becker, Miss. Marion Louise"
Beckwith,2,2,1.0,"249, 872","Beckwith, Mr. Richard Leonard | Beckwith, Mrs. Richard Leonard (Sallie Monypeny)"
Bishop,2,2,1.0,"292, 485","Bishop, Mrs. Dickinson H (Helen Walton) | Bishop, Mr. Dickinson H"
Caldwell,2,2,1.0,"79, 324","Caldwell, Master. Alden Gates | Caldwell, Mrs. Albert Francis (Sylvia Mae Harbaugh)"
Chambers,2,2,1.0,"725, 810","Chambers, Mr. Norman Campbell | Chambers, Mrs. Norman Campbell (Bertha Griggs)"
Coutts,2,2,1.0,"349, 490","Coutts, Master. William Loch ""William"" | Coutts, Master. Eden Leslie ""Neville"""
Daly,2,2,1.0,"511, 858","Daly, Mr. Eugene Patrick | Daly, Mr. Peter Denis "
Dick,2,2,1.0,"691, 782","Dick, Mr. Albert Adrian | Dick, Mrs. Albert Adrian (Vera Gillespie)"
Doling,2,2,1.0,"99, 652","Doling, Mrs. John T (Ada Julia Bone) | Doling, Miss. Elsie"
Duff Gordon,2,2,1.0,"557, 600","Duff Gordon, Lady. (Lucille Christiana Sutherland) (""Mrs Morgan"") | Duff Gordon, Sir. Cosmo Edmund (""Mr Morgan"")"
Frauenthal,2,2,1.0,"335, 661","Frauenthal, Mrs. Henry William (Clara Heinsheimer) | Frauenthal, Dr. Henry William"
Goldenberg,2,2,1.0,"454, 850","Goldenberg, Mr. Samuel L | Goldenberg, Mrs. Samuel L (Edwiga Grabowska)"
Hamalainen,2,2,1.0,"248, 756","Hamalainen, Mrs. William (Anna) | Hamalainen, Master. Viljo"
Hays,2,2,1.0,"311, 821","Hays, Miss. Margaret Bechstein | Hays, Mrs. Charles Melville (Clara Jennings Gregg)"
Herman,2,2,1.0,"616, 755","Herman, Miss. Alice | Herman, Mrs. Samuel (Jane Laver)"
Hippach,2,2,1.0,"330, 524","Hippach, Miss. Jean Gertrude | Hippach, Mrs. Louis Albert (Ida Sophia Fischer)"
McCoy,2,2,1.0,"302, 331","McCoy, Mr. Bernard | McCoy, Miss. Agnes"
Mellinger,2,2,1.0,"273, 447","Mellinger, Mrs. (Elizabeth Anne Maidment) | Mellinger, Miss. Madeleine Violet"
Moor,2,2,1.0,"752, 824","Moor, Master. Meier | Moor, Mrs. (Beila)"
Moubarek,2,2,1.0,"66, 710","Moubarek, Master. Gerios | Moubarek, Master. Halim Gonios (""William George"")"
Murphy,2,2,1.0,"242, 613","Murphy, Miss. Katherine ""Kate"" | Murphy, Miss. Margaret Jane"
Nakid,2,2,1.0,"382, 623","Nakid, Miss. Maria (""Mary"") | Nakid, Mr. Sahid"
Nicola-Yarred,2,2,1.0,"40, 126","Nicola-Yarred, Miss. Jamila | Nicola-Yarred, Master. Elias"
Peter,2,2,1.0,"129, 534","Peter, Miss. Anna | Peter, Mrs. Catherine (Catherine Rizk)"
Quick,2,2,1.0,"507, 531","Quick, Mrs. Frederick Charles (Jane Richards) | Quick, Miss. Phyllis May"
Ryerson,2,2,1.0,"312, 743","Ryerson, Miss. Emily Borie | Ryerson, Miss. Susan Parker ""Suzette"""
Sandstrom,2,2,1.0,"11, 395","Sandstrom, Miss. Marguerite Rut | Sandstrom, Mrs. Hjalmar (Agnes Charlotta Bengtsson)"
Taylor,2,2,1.0,"670, 713","Taylor, Mrs. Elmer Zebley (Juliet Cummins Wright) | Taylor, Mr. Elmer Zebley"
Wick,2,2,1.0,"319, 857","Wick, Miss. Mary Natalie | Wick, Mrs. George Dennick (Mary Hitchcock)"
Abbott,2,1,0.5,"280, 747","Abbott, Mrs. Stanton (Rosa Hunt) | Abbott, Mr. Rossmore Edward"
Abelson,2,1,0.5,"309, 875","Abelson, Mr. Samuel | Abelson, Mrs. Samuel (Hannah Wizosky)"
Allen,2,1,0.5,"5, 731","Allen, Mr. William Henry | Allen, Miss. Elisabeth Walton"
Andrews,2,1,0.5,"276, 807","Andrews, Miss. Kornelia Theodosia | Andrews, Mr. Thomas Jr"
Backstrom,2,1,0.5,"86, 207","Backstrom, Mrs. Karl Alfred (Maria Mathilda Gustafsson) | Backstrom, Mr. Karl Alfred"
Baxter,2,1,0.5,"119, 300","Baxter, Mr. Quigg Edmond | Baxter, Mrs. James (Helene DeLaudeniere Chaput)"
Crosby,2,1,0.5,"541, 746","Crosby, Miss. Harriet R | Crosby, Capt. Edward Gifford"
Dean,2,1,0.5,"94, 789","Dean, Mr. Bertram Frank | Dean, Master. Bertram Vere"
Futrelle,2,1,0.5,"4, 138","Futrelle, Mrs. Jacques Heath (Lily May Peel) | Futrelle, Mr. Jacques Heath"
Hakkarainen,2,1,0.5,"143, 404","Hakkarainen, Mrs. Pekka Pietari (Elin Matilda Dolck) | Hakkarainen, Mr. Pekka Pietari"
Hocking,2,1,0.5,"530, 775","Hocking, Mr. Richard George | Hocking, Mrs. Elizabeth (Eliza Needs)"
Holverson,2,1,0.5,"36, 384","Holverson, Mr. Alexander Oskar | Holverson, Mrs. Alexander Oskar (Mary Aline Towner)"
Jacobsohn,2,1,0.5,"218, 601","Jacobsohn, Mr. Sidney Samuel | Jacobsohn, Mrs. Sidney Samuel (Amy Frances Christy)"
Kantor,2,1,0.5,"100, 317","Kantor, Mr. Sinai | Kantor, Mrs. Sinai (Miriam Sternin)"
Keane,2,1,0.5,"304, 791","Keane, Miss. Nora A | Keane, Mr. Andrew ""Andy"""
Lam,2,1,0.5,"693, 827","Lam, Mr. Ali | Lam, Mr. Len"
Mallet,2,1,0.5,"818, 828","Mallet, Mr. Albert | Mallet, Master. Andre"
Minahan,2,1,0.5,"246, 413","Minahan, Dr. William Edward | Minahan, Miss. Daisy E"
Nasser,2,1,0.5,"10, 123","Nasser, Mrs. Nicholas (Adele Achem) | Nasser, Mr. Nicholas"
Pears,2,1,0.5,"152, 337","Pears, Mrs. Thomas (Edith Wearne) | Pears, Mr. Thomas Clinton"
Penasco y Castellana,2,1,0.5,"308, 506","Penasco y Castellana, Mrs. Victor de Satode (Maria Josefa Perez de Soto y Vallejo) | Penasco y Castellana, Mr. Victor de Satode"
Renouf,2,1,0.5,"477, 727","Renouf, Mr. Peter Henry | Renouf, Mrs. Peter Henry (Lillian Jefferys)"
Silvey,2,1,0.5,"435, 578","Silvey, Mr. William Baird | Silvey, Mrs. William Baird (Alice Munger)"
Stanley,2,1,0.5,"495, 650","Stanley, Mr. Edward Roland | Stanley, Miss. Amy Zillah Elsie"
Thorneycroft,2,1,0.5,"432, 640","Thorneycroft, Mrs. Percival (Florence Kate White) | Thorneycroft, Mr. Percival"
Webber,2,1,0.5,"124, 512","Webber, Miss. Susan | Webber, Mr. James"
Yasbeck,2,1,0.5,"621, 831","Yasbeck, Mr. Antoni | Yasbeck, Mrs. Antoni (Selini Alexander)"
Ali,2,0,0.0,"211, 785","Ali, Mr. Ahmed | Ali, Mr. William"
Arnold-Franchi,2,0,0.0,"50, 354","Arnold-Franchi, Mrs. Josef (Josefine Franchi) | Arnold-Franchi, Mr. Josef"
Attalah,2,0,0.0,"115, 245","Attalah, Miss. Malake | Attalah, Mr. Sleiman"
Barbara,2,0,0.0,"363, 703","Barbara, Mrs. (Catherine David) | Barbara, Miss. Saiide"
Braund,2,0,0.0,"1, 478","Braund, Mr. Owen Harris | Braund, Mr. Lewis Richard"
Cacic,2,0,0.0,"472, 535","Cacic, Mr. Luka | Cacic, Miss. Marija"
Calic,2,0,0.0,"164, 501","Calic, Mr. Jovo | Calic, Mr. Petar"
Carlsson,2,0,0.0,"757, 873","Carlsson, Mr. August Sigfrid | Carlsson, Mr. Frans Olof"
Chapman,2,0,0.0,"595, 696","Chapman, Mr. John Henry | Chapman, Mr. Charles Henry"
Coleff,2,0,0.0,"515, 664","Coleff, Mr. Satio | Coleff, Mr. Peju"
Danbom,2,0,0.0,"424, 617","Danbom, Mrs. Ernst Gilbert (Anna Sigrid Maria Brogren) | Danbom, Mr. Ernst Gilbert"
Hagland,2,0,0.0,"452, 491","Hagland, Mr. Ingvald Olai Olsen | Hagland, Mr. Konrad Mathias Reiersen"
Johnston,2,0,0.0,"784, 889","Johnston, Mr. Andrew G | Johnston, Miss. Catherine Helen ""Carrie"""
Larsson,2,0,0.0,"232, 714","Larsson, Mr. Bengt Edvin | Larsson, Mr. August Viktor"
Lobb,2,0,0.0,"254, 618","Lobb, Mr. William Arthur | Lobb, Mrs. William Arthur (Cordelia K Stanlick)"
Morley,2,0,0.0,"462, 706","Morley, Mr. William | Morley, Mr. Henry Samuel (""Mr Henry Marshall"")"
Olsson,2,0,0.0,"282, 397","Olsson, Mr. Nils Johan Goransson | Olsson, Miss. Elina"
Oreskovic,2,0,0.0,"405, 726","Oreskovic, Miss. Marija | Oreskovic, Mr. Luka"
Petroff,2,0,0.0,"102, 878","Petroff, Mr. Pastcho (""Pentcho"") | Petroff, Mr. Nedelio"
Rosblom,2,0,0.0,"255, 425","Rosblom, Mrs. Viktor (Helena Wilhelmina) | Rosblom, Mr. Viktor Richard"
Saad,2,0,0.0,"694, 833","Saad, Mr. Khalil | Saad, Mr. Amin"
Strom,2,0,0.0,"206, 252","Strom, Miss. Telma Matilda | Strom, Mrs. Wilhelm (Elna Matilda Persson)"
Svensson,2,0,0.0,"500, 852","Svensson, Mr. Olof | Svensson, Mr. Johan"
Turpin,2,0,0.0,"42, 118","Turpin, Mrs. William John Robert (Dorothy Ann Wonnacott) | Turpin, Mr. William John Robert"
White,2,0,0.0,"103, 125","White, Mr. Richard Frasar | White, Mr. Percival Wayland"
Zabour,2,0,0.0,"112, 241","Zabour, Miss. Hileni | Zabour, Miss. Thamine"
Aks,1,1,1.0,856,"Aks, Mrs. Sam (Leah Rosen)"
Albimona,1,1,1.0,208,"Albimona, Mr. Nassef Cassem"
Andersen-Jensen,1,1,1.0,193,"Andersen-Jensen, Miss. Carla Christine Nielsine"
Anderson,1,1,1.0,461,"Anderson, Mr. Harry"
Angle,1,1,1.0,519,"Angle, Mrs. William A (Florence ""Mary"" Agnes Hughes)"
Appleton,1,1,1.0,572,"Appleton, Mrs. Edward Dale (Charlotte Lamson)"
Astor,1,1,1.0,701,"Astor, Mrs. John Jacob (Madeleine Talmadge Force)"
Aubart,1,1,1.0,370,"Aubart, Mme. Leontine Pauline"
Ayoub,1,1,1.0,781,"Ayoub, Miss. Banoura"
Ball,1,1,1.0,328,"Ball, Mrs. (Ada E Hall)"
Barah,1,1,1.0,763,"Barah, Mr. Hanna Assi"
Barber,1,1,1.0,291,"Barber, Miss. Ellen ""Nellie"""
Barkworth,1,1,1.0,631,"Barkworth, Mr. Algernon Henry Wilson"
Bazzani,1,1,1.0,219,"Bazzani, Miss. Albina"
Beesley,1,1,1.0,22,"Beesley, Mr. Lawrence"
Behr,1,1,1.0,890,"Behr, Mr. Karl Howell"
Bidois,1,1,1.0,381,"Bidois, Miss. Rosalie"
Bing,1,1,1.0,75,"Bing, Mr. Lee"
Bissette,1,1,1.0,270,"Bissette, Miss. Amelia"
Bjornstrom-Steffansson,1,1,1.0,431,"Bjornstrom-Steffansson, Mr. Mauritz Hakan"
Blank,1,1,1.0,210,"Blank, Mr. Henry"
Bonnell,1,1,1.0,12,"Bonnell, Miss. Elizabeth"
Bowerman,1,1,1.0,357,"Bowerman, Miss. Elsie Edith"
Bradley,1,1,1.0,508,"Bradley, Mr. George (""George Arthur Brayton"")"
Burns,1,1,1.0,338,"Burns, Miss. Elizabeth Margaret"
Buss,1,1,1.0,388,"Buss, Miss. Kate"
Bystrom,1,1,1.0,866,"Bystrom, Mrs. (Karolina)"
Calderhead,1,1,1.0,708,"Calderhead, Mr. Edward Pennington"
Cameron,1,1,1.0,212,"Cameron, Miss. Clear Annie"
Cardeza,1,1,1.0,680,"Cardeza, Mr. Thomas Drake Martinez"
Carr,1,1,1.0,209,"Carr, Miss. Helen ""Ellen"""
Cherry,1,1,1.0,258,"Cherry, Miss. Gladys"
Chibnall,1,1,1.0,167,"Chibnall, Mrs. (Edith Martha Bowerman)"
Chip,1,1,1.0,839,"Chip, Mr. Chang"
Christy,1,1,1.0,581,"Christy, Miss. Julie Rachel"
Clarke,1,1,1.0,427,"Clarke, Mrs. Charles V (Ada Maria Winfield)"
Cleaver,1,1,1.0,709,"Cleaver, Miss. Alice"
Cohen,1,1,1.0,205,"Cohen, Mr. Gurshon ""Gus"""
Compton,1,1,1.0,836,"Compton, Miss. Sara Rebecca"
Connolly,1,1,1.0,290,"Connolly, Miss. Kate"
Cumings,1,1,1.0,2,"Cumings, Mrs. John Bradley (Florence Briggs Thayer)"
Dahl,1,1,1.0,339,"Dahl, Mr. Karl Edwart"
Daniel,1,1,1.0,608,"Daniel, Mr. Robert Williams"
Davis,1,1,1.0,636,"Davis, Miss. Mary"
Davison,1,1,1.0,348,"Davison, Mrs. Thomas Henry (Mary E Finck)"
Devaney,1,1,1.0,45,"Devaney, Miss. Margaret Delia"
Dodge,1,1,1.0,446,"Dodge, Master. Washington"
Dorking,1,1,1.0,284,"Dorking, Mr. Edward Arthur"
Dowdell,1,1,1.0,80,"Dowdell, Miss. Elizabeth"
Drew,1,1,1.0,417,"Drew, Mrs. James Vivian (Lulu Thorne Christian)"
Duran y More,1,1,1.0,867,"Duran y More, Miss. Asuncion"
Emanuel,1,1,1.0,778,"Emanuel, Miss. Virginia Ethel"
Endres,1,1,1.0,717,"Endres, Miss. Caroline Louise"
Eustis,1,1,1.0,497,"Eustis, Miss. Elizabeth Mussey"
Faunthorpe,1,1,1.0,54,"Faunthorpe, Mrs. Lizzie (Elizabeth Anne Wilkinson)"
Fleming,1,1,1.0,307,"Fleming, Miss. Margaret"
Foo,1,1,1.0,644,"Foo, Mr. Choong"
Francatelli,1,1,1.0,310,"Francatelli, Miss. Laura Mabel"
Frolicher,1,1,1.0,540,"Frolicher, Miss. Hedwig Margaritha"
Frolicher-Stehli,1,1,1.0,588,"Frolicher-Stehli, Mr. Maxmillian"
Garside,1,1,1.0,577,"Garside, Miss. Ethel"
Gilnagh,1,1,1.0,157,"Gilnagh, Miss. Katherine ""Katie"""
Glynn,1,1,1.0,33,"Glynn, Miss. Mary Agatha"
Greenfield,1,1,1.0,98,"Greenfield, Mr. William Bertram"
Harder,1,1,1.0,371,"Harder, Mr. George Achilles"
Hassab,1,1,1.0,682,"Hassab, Mr. Hammad"
Hawksford,1,1,1.0,741,"Hawksford, Mr. Walter James"
Healy,1,1,1.0,275,"Healy, Miss. Hanora ""Nora"""
Hedman,1,1,1.0,805,"Hedman, Mr. Oskar Arvid"
Heikkinen,1,1,1.0,3,"Heikkinen, Miss. Laina"
Hewlett,1,1,1.0,16,"Hewlett, Mrs. (Mary D Kingcome) "
Hirvonen,1,1,1.0,480,"Hirvonen, Miss. Hildur E"
Hogeboom,1,1,1.0,766,"Hogeboom, Mrs. John C (Anna Andrews)"
Homer,1,1,1.0,605,"Homer, Mr. Harry (""Mr E Haven"")"
Honkanen,1,1,1.0,217,"Honkanen, Miss. Eliina"
Hosono,1,1,1.0,289,"Hosono, Mr. Masabumi"
Icard,1,1,1.0,62,"Icard, Miss. Amelie"
Ilett,1,1,1.0,85,"Ilett, Miss. Bertha"
Jalsevac,1,1,1.0,456,"Jalsevac, Mr. Ivan"
Jansson,1,1,1.0,392,"Jansson, Mr. Carl Olof"
Jermyn,1,1,1.0,369,"Jermyn, Miss. Annie"
Jerwan,1,1,1.0,474,"Jerwan, Mrs. Amin S (Marie Marthe Thuillard)"
Johannesen-Bratthammer,1,1,1.0,445,"Johannesen-Bratthammer, Mr. Bernt"
Jonsson,1,1,1.0,570,"Jonsson, Mr. Carl"
Karun,1,1,1.0,692,"Karun, Miss. Manca"
Kenyon,1,1,1.0,458,"Kenyon, Mrs. Frederick R (Marion)"
Kimball,1,1,1.0,622,"Kimball, Mr. Edwin Nelson Jr"
Kink-Heilmann,1,1,1.0,185,"Kink-Heilmann, Miss. Luise Gretchen"
Landergren,1,1,1.0,377,"Landergren, Miss. Aurora Adelia"
Lang,1,1,1.0,510,"Lang, Mr. Fang"
LeRoy,1,1,1.0,538,"LeRoy, Miss. Bertha"
Leader,1,1,1.0,797,"Leader, Dr. Alice (Farnham)"
Leeni,1,1,1.0,554,"Leeni, Mr. Fahim (""Philip Zenni"")"
Lehmann,1,1,1.0,390,"Lehmann, Miss. Bertha"
Leitch,1,1,1.0,597,"Leitch, Miss. Jessie Wills"
Lemore,1,1,1.0,517,"Lemore, Mrs. (Amelia Milley)"
Lesurer,1,1,1.0,738,"Lesurer, Mr. Gustave J"
Lindqvist,1,1,1.0,665,"Lindqvist, Mr. Eino William"
Lines,1,1,1.0,854,"Lines, Miss. Mary Conover"
Longley,1,1,1.0,628,"Longley, Miss. Gretchen Fiske"
Louch,1,1,1.0,433,"Louch, Mrs. Charles Alexander (Alice Adelaide Slow)"
Lulic,1,1,1.0,822,"Lulic, Mr. Nikola"
Lurette,1,1,1.0,196,"Lurette, Miss. Elise"
Madigan,1,1,1.0,199,"Madigan, Miss. Margaret ""Maggie"""
Madill,1,1,1.0,690,"Madill, Miss. Georgette Alexandra"
Madsen,1,1,1.0,128,"Madsen, Mr. Fridtjof Arne"
Maioni,1,1,1.0,505,"Maioni, Miss. Roberta"
Mamee,1,1,1.0,37,"Mamee, Mr. Hanna"
Mannion,1,1,1.0,728,"Mannion, Miss. Margareth"
Marechal,1,1,1.0,840,"Marechal, Mr. Pierre"
Masselmani,1,1,1.0,20,"Masselmani, Mrs. Fatima"
Mayne,1,1,1.0,711,"Mayne, Mlle. Berthe Antonine (""Mrs de Villiers"")"
McCormack,1,1,1.0,829,"McCormack, Mr. Thomas Joseph"
McDermott,1,1,1.0,83,"McDermott, Miss. Brigdet Delia"
McGough,1,1,1.0,513,"McGough, Mr. James Robert"
McGovern,1,1,1.0,359,"McGovern, Miss. Mary"
McGowan,1,1,1.0,23,"McGowan, Miss. Anna ""Annie"""
Mellors,1,1,1.0,227,"Mellors, Mr. William John"
Mockler,1,1,1.0,360,"Mockler, Miss. Helen Mary ""Ellie"""
Moss,1,1,1.0,108,"Moss, Mr. Albert Johan"
Moussa,1,1,1.0,368,"Moussa, Mrs. (Mantoura Boulos)"
Mullens,1,1,1.0,698,"Mullens, Miss. Katherine ""Katie"""
Najib,1,1,1.0,876,"Najib, Miss. Adele Kiamie ""Jane"""
Newsom,1,1,1.0,137,"Newsom, Miss. Helen Monypeny"
Nilsson,1,1,1.0,316,"Nilsson, Miss. Helmina Josefina"
Niskanen,1,1,1.0,401,"Niskanen, Mr. Juha"
Nye,1,1,1.0,67,"Nye, Mrs. (Elizabeth Ramell)"
Nysten,1,1,1.0,142,"Nysten, Miss. Anna Sofia"
O'Driscoll,1,1,1.0,48,"O'Driscoll, Miss. Bridget"
O'Dwyer,1,1,1.0,29,"O'Dwyer, Miss. Ellen ""Nellie"""
O'Leary,1,1,1.0,654,"O'Leary, Miss. Hanora ""Norah"""
Ohman,1,1,1.0,555,"Ohman, Miss. Velin"
Osman,1,1,1.0,798,"Osman, Mrs. Mara"
Padro y Manent,1,1,1.0,548,"Padro y Manent, Mr. Julian"
Parrish,1,1,1.0,260,"Parrish, Mrs. (Lutie Davis)"
Perreault,1,1,1.0,521,"Perreault, Miss. Anne"
Persson,1,1,1.0,268,"Persson, Mr. Ernst Ulrik"
Peuchen,1,1,1.0,450,"Peuchen, Major. Arthur Godfrey"
Phillips,1,1,1.0,428,"Phillips, Miss. Kate Florence (""Mrs Kate Louise Phillips Marshall"")"
Pickard,1,1,1.0,430,"Pickard, Mr. Berk (Berk Trembisky)"
Pinsky,1,1,1.0,191,"Pinsky, Mrs. (Rosa)"
Potter,1,1,1.0,880,"Potter, Mrs. Thomas Jr (Lily Alexenia Wilson)"
Reynaldo,1,1,1.0,444,"Reynaldo, Ms. Encarnacion"
Ridsdale,1,1,1.0,527,"Ridsdale, Miss. Lucy"
Robert,1,1,1.0,780,"Robert, Mrs. Edward Scott (Elisabeth Walton McMillan)"
Romaine,1,1,1.0,188,"Romaine, Mr. Charles Hallace (""Mr C Rolmane"")"
Rothes,1,1,1.0,760,"Rothes, the Countess. of (Lucy Noel Martha Dyer-Edwards)"
Rothschild,1,1,1.0,514,"Rothschild, Mrs. Martin (Elizabeth L. Barrett)"
Rugg,1,1,1.0,57,"Rugg, Miss. Emily"
Saalfeld,1,1,1.0,299,"Saalfeld, Mr. Adolphe"
Sagesser,1,1,1.0,642,"Sagesser, Mlle. Emma"
Salkjelsvik,1,1,1.0,107,"Salkjelsvik, Miss. Anna Kristine"
Serepeca,1,1,1.0,843,"Serepeca, Miss. Augusta"
Seward,1,1,1.0,448,"Seward, Mr. Frederic Kimber"
Sheerlinck,1,1,1.0,82,"Sheerlinck, Mr. Jan Baptist"
Shelley,1,1,1.0,881,"Shelley, Mrs. William (Imanita Parrish Hall)"
Shutes,1,1,1.0,610,"Shutes, Miss. Elizabeth W"
Silven,1,1,1.0,418,"Silven, Miss. Lyyli Karoliina"
Silverthorne,1,1,1.0,702,"Silverthorne, Mr. Spencer Victor"
Simonius-Blumer,1,1,1.0,648,"Simonius-Blumer, Col. Oberst Alfons"
Sinkkonen,1,1,1.0,748,"Sinkkonen, Miss. Anna"
Sjoblom,1,1,1.0,787,"Sjoblom, Miss. Anna Sofia"
Slayter,1,1,1.0,323,"Slayter, Miss. Hilda Mary"
Sloper,1,1,1.0,24,"Sloper, Mr. William Thompson"
Spedden,1,1,1.0,320,"Spedden, Mrs. Frederic Oakley (Margaretta Corning Stone)"
Spencer,1,1,1.0,32,"Spencer, Mrs. William Augustus (Marie Eugenie)"
Stahelin-Maeglin,1,1,1.0,633,"Stahelin-Maeglin, Dr. Max"
Stephenson,1,1,1.0,592,"Stephenson, Mrs. Walter Bertram (Martha Eustis)"
Stone,1,1,1.0,830,"Stone, Mrs. George Nelson (Martha Evelyn)"
Stranden,1,1,1.0,745,"Stranden, Mr. Juho"
Sunderland,1,1,1.0,221,"Sunderland, Mr. Victor Francis"
Sundman,1,1,1.0,415,"Sundman, Mr. Johan Julian"
Swift,1,1,1.0,863,"Swift, Mrs. Frederick Joel (Margaret Welles Barron)"
Thomas,1,1,1.0,804,"Thomas, Master. Assad Alexander"
Thorne,1,1,1.0,257,"Thorne, Mrs. Gertrude Maybelle"
Toomey,1,1,1.0,459,"Toomey, Miss. Ellen"
Tornquist,1,1,1.0,272,"Tornquist, Mr. William Henry"
Touma,1,1,1.0,256,"Touma, Mrs. Darwis (Hanne Youssef Razi)"
Trout,1,1,1.0,400,"Trout, Mrs. William H (Jessie L)"
Troutt,1,1,1.0,718,"Troutt, Miss. Edwina Celia ""Winnie"""
Turja,1,1,1.0,678,"Turja, Miss. Anna Sofia"
Turkula,1,1,1.0,484,"Turkula, Mrs. (Hedwig)"
Ward,1,1,1.0,259,"Ward, Miss. Anna"
Warren,1,1,1.0,367,"Warren, Mrs. Frank Manley (Anna Sophia Atkinson)"
Watt,1,1,1.0,162,"Watt, Mrs. James (Elizabeth ""Bessie"" Inglis Milne)"
Weisz,1,1,1.0,134,"Weisz, Mrs. Leopold (Mathilde Francoise Pede)"
Wells,1,1,1.0,751,"Wells, Miss. Joan"
Wilhelms,1,1,1.0,674,"Wilhelms, Mr. Charles"
Woolner,1,1,1.0,56,"Woolner, Mr. Hugh"
Young,1,1,1.0,326,"Young, Miss. Marie Grice"
de Messemaeker,1,1,1.0,560,"de Messemaeker, Mrs. Guillaume Joseph (Emma)"
de Mulder,1,1,1.0,287,"de Mulder, Mr. Theodore"
Abbing,1,0,0.0,846,"Abbing, Mr. Anthony"
Adahl,1,0,0.0,366,"Adahl, Mr. Mauritz Nils Martin"
Adams,1,0,0.0,402,"Adams, Mr. John"
Ahlin,1,0,0.0,41,"Ahlin, Mrs. Johan (Johanna Persdotter Larsson)"
Alexander,1,0,0.0,811,"Alexander, Mr. William"
Alhomaki,1,0,0.0,841,"Alhomaki, Mr. Ilmari Rudolf"
Allum,1,0,0.0,835,"Allum, Mr. Owen George"
Andreasson,1,0,0.0,92,"Andreasson, Mr. Paul Edvin"
Andrew,1,0,0.0,145,"Andrew, Mr. Edgardo Samuel"
Artagaveytia,1,0,0.0,494,"Artagaveytia, Mr. Ramon"
Asim,1,0,0.0,364,"Asim, Mr. Adola"
Augustsson,1,0,0.0,834,"Augustsson, Mr. Albert"
Badt,1,0,0.0,662,"Badt, Mr. Mohamed"
Bailey,1,0,0.0,758,"Bailey, Mr. Percy Andrew"
Balkic,1,0,0.0,871,"Balkic, Mr. Cerin"
Banfield,1,0,0.0,884,"Banfield, Mr. Frederick James"
Barton,1,0,0.0,113,"Barton, Mr. David John"
Bateman,1,0,0.0,151,"Bateman, Rev. Robert James"
Baumann,1,0,0.0,169,"Baumann, Mr. John D"
Beavan,1,0,0.0,373,"Beavan, Mr. William Thomas"
Bengtsson,1,0,0.0,163,"Bengtsson, Mr. John Viktor"
Berglund,1,0,0.0,226,"Berglund, Mr. Karl Ivar Sven"
Berriman,1,0,0.0,734,"Berriman, Mr. William John"
Betros,1,0,0.0,379,"Betros, Mr. Tannous"
Birkeland,1,0,0.0,409,"Birkeland, Mr. Hans Martin Monsen"
Blackwell,1,0,0.0,340,"Blackwell, Mr. Stephen Weart"
Bostandyeff,1,0,0.0,629,"Bostandyeff, Mr. Guentcho"
Bowen,1,0,0.0,625,"Bowen, Mr. David John ""Dai"""
Bracken,1,0,0.0,222,"Bracken, Mr. James H"
Brewe,1,0,0.0,767,"Brewe, Dr. Arthur Jackson"
Brocklebank,1,0,0.0,615,"Brocklebank, Mr. William Alfred"
Bryhl,1,0,0.0,729,"Bryhl, Mr. Kurt Arnold Gottfrid"
Burke,1,0,0.0,144,"Burke, Mr. Jeremiah"
Butler,1,0,0.0,667,"Butler, Mr. Reginald Fenton"
Butt,1,0,0.0,537,"Butt, Major. Archibald Willingham"
Byles,1,0,0.0,150,"Byles, Rev. Thomas Roussel Davids"
Cairns,1,0,0.0,271,"Cairns, Mr. Alexander"
Campbell,1,0,0.0,467,"Campbell, Mr. William"
Canavan,1,0,0.0,502,"Canavan, Miss. Mary"
Cann,1,0,0.0,38,"Cann, Mr. Ernest Charles"
Caram,1,0,0.0,579,"Caram, Mrs. Joseph (Maria Elias)"
Carbines,1,0,0.0,192,"Carbines, Mr. William"
Carrau,1,0,0.0,84,"Carrau, Mr. Francisco M"
Cavendish,1,0,0.0,742,"Cavendish, Mr. Tyrell William"
Celotti,1,0,0.0,90,"Celotti, Mr. Francesco"
Chaffee,1,0,0.0,93,"Chaffee, Mr. Herbert Fuller"
Charters,1,0,0.0,422,"Charters, Mr. David"
Christmann,1,0,0.0,91,"Christmann, Mr. Emil"
Chronopoulos,1,0,0.0,74,"Chronopoulos, Mr. Apostolos"
Clifford,1,0,0.0,476,"Clifford, Mr. George Quincy"
Coelho,1,0,0.0,132,"Coelho, Mr. Domingos Fernandeo"
Coleridge,1,0,0.0,243,"Coleridge, Mr. Reginald Charles"
Collander,1,0,0.0,343,"Collander, Mr. Erik Gustaf"
Colley,1,0,0.0,663,"Colley, Mr. Edward Pomeroy"
Connaghton,1,0,0.0,750,"Connaghton, Mr. Michael"
Connors,1,0,0.0,117,"Connors, Mr. Patrick"
Cook,1,0,0.0,669,"Cook, Mr. Jacob"
Cor,1,0,0.0,647,"Cor, Mr. Liudevit"
Corn,1,0,0.0,158,"Corn, Mr. Harry"
Coxon,1,0,0.0,95,"Coxon, Mr. Daniel"
Crease,1,0,0.0,68,"Crease, Mr. Ernest James"
Cribb,1,0,0.0,161,"Cribb, Mr. John Hatfield"
Culumovic,1,0,0.0,845,"Culumovic, Mr. Jeso"
Cunningham,1,0,0.0,414,"Cunningham, Mr. Alfred Fleming"
Dahlberg,1,0,0.0,883,"Dahlberg, Miss. Gerda Ulrika"
Dakic,1,0,0.0,688,"Dakic, Mr. Branko"
Danoff,1,0,0.0,322,"Danoff, Mr. Yoto"
Dantcheff,1,0,0.0,795,"Dantcheff, Mr. Ristiu"
Davidson,1,0,0.0,672,"Davidson, Mr. Thornton"
Denkoff,1,0,0.0,336,"Denkoff, Mr. Mitto"
Dennis,1,0,0.0,321,"Dennis, Mr. Samuel"
Dimic,1,0,0.0,350,"Dimic, Mr. Jovan"
Doharr,1,0,0.0,569,"Doharr, Mr. Tannous"
Dooley,1,0,0.0,891,"Dooley, Mr. Patrick"
Douglas,1,0,0.0,545,"Douglas, Mr. Walter Donald"
Downton,1,0,0.0,583,"Downton, Mr. William James"
Drazenoic,1,0,0.0,131,"Drazenoic, Mr. Jozef"
Duane,1,0,0.0,281,"Duane, Mr. Frank"
Edvardsson,1,0,0.0,676,"Edvardsson, Mr. Gustaf Hjalmar"
Eitemiller,1,0,0.0,659,"Eitemiller, Mr. George Floyd"
Eklund,1,0,0.0,765,"Eklund, Mr. Hans Linus"
Ekstrom,1,0,0.0,130,"Ekstrom, Mr. Johan"
Elsbury,1,0,0.0,593,"Elsbury, Mr. William James"
Emir,1,0,0.0,27,"Emir, Mr. Farred Chehab"
Fahlstrom,1,0,0.0,229,"Fahlstrom, Mr. Arne Jonas"
Farrell,1,0,0.0,526,"Farrell, Mr. James"
Farthing,1,0,0.0,528,"Farthing, Mr. John"
Fischer,1,0,0.0,689,"Fischer, Mr. Eberhard Thelander"
Foreman,1,0,0.0,453,"Foreman, Mr. Benjamin Laventall"
Fox,1,0,0.0,345,"Fox, Mr. Stanley Hubert"
Frost,1,0,0.0,482,"Frost, Mr. Anthony Wood ""Archie"""
Fry,1,0,0.0,816,"Fry, Mr. Richard"
Funk,1,0,0.0,358,"Funk, Miss. Annie Clemmer"
Fynney,1,0,0.0,21,"Fynney, Mr. Joseph J"
Gale,1,0,0.0,406,"Gale, Mr. Shadrach"
Gallagher,1,0,0.0,704,"Gallagher, Mr. Martin"
Garfirth,1,0,0.0,761,"Garfirth, Mr. John"
Gaskell,1,0,0.0,792,"Gaskell, Mr. Alfred"
Gavey,1,0,0.0,620,"Gavey, Mr. Lawrence"
Gee,1,0,0.0,463,"Gee, Mr. Arthur H"
Gheorgheff,1,0,0.0,421,"Gheorgheff, Mr. Stanio"
Giglio,1,0,0.0,140,"Giglio, Mr. Victor"
Giles,1,0,0.0,862,"Giles, Mr. Frederick Edward"
Gilinski,1,0,0.0,589,"Gilinski, Mr. Eliezer"
Gill,1,0,0.0,865,"Gill, Mr. John William"
Gillespie,1,0,0.0,723,"Gillespie, Mr. William Henry"
Givard,1,0,0.0,214,"Givard, Mr. Hans Kristensen"
Goldschmidt,1,0,0.0,97,"Goldschmidt, Mr. George B"
Goncalves,1,0,0.0,466,"Goncalves, Mr. Manuel Estanslas"
Green,1,0,0.0,223,"Green, Mr. George Henry"
Greenberg,1,0,0.0,715,"Greenberg, Mr. Samuel"
Gronnestad,1,0,0.0,770,"Gronnestad, Mr. Daniel Danielsen"
Guggenheim,1,0,0.0,790,"Guggenheim, Mr. Benjamin"
Haas,1,0,0.0,294,"Haas, Miss. Aloisia"
Hale,1,0,0.0,179,"Hale, Mr. Reginald"
Hampe,1,0,0.0,442,"Hampe, Mr. Leon"
Hanna,1,0,0.0,297,"Hanna, Mr. Mansour"
Harknett,1,0,0.0,236,"Harknett, Miss. Alice Phoebe"
Harmer,1,0,0.0,786,"Harmer, Mr. Abraham (David Lishin)"
Harrington,1,0,0.0,603,"Harrington, Mr. Charles H"
Harrison,1,0,0.0,264,"Harrison, Mr. William"
Hassan,1,0,0.0,732,"Hassan, Mr. Houssein G N"
Hegarty,1,0,0.0,655,"Hegarty, Miss. Hanora ""Nora"""
Heininen,1,0,0.0,817,"Heininen, Miss. Wendla Maria"
Hendekovic,1,0,0.0,314,"Hendekovic, Mr. Ignjac"
Henry,1,0,0.0,265,"Henry, Miss. Delia"
Hodges,1,0,0.0,724,"Hodges, Mr. Henry Price"
Hold,1,0,0.0,237,"Hold, Mr. Stephen"
Holm,1,0,0.0,819,"Holm, Mr. John Fredrik Alexander"
Hood,1,0,0.0,73,"Hood, Mr. Ambrose Jr"
Horgan,1,0,0.0,614,"Horgan, Mr. John"
Humblen,1,0,0.0,700,"Humblen, Mr. Adolf Mathias Nicolai Olsen"
Hunt,1,0,0.0,240,"Hunt, Mr. George Henry"
Ibrahim Shawah,1,0,0.0,799,"Ibrahim Shawah, Mr. Yousseff"
Ilmakangas,1,0,0.0,730,"Ilmakangas, Miss. Pieta Sofia"
Isham,1,0,0.0,178,"Isham, Miss. Ann Elizabeth"
Ivanoff,1,0,0.0,739,"Ivanoff, Mr. Kanio"
Jardin,1,0,0.0,612,"Jardin, Mr. Jose Neto"
Jarvis,1,0,0.0,587,"Jarvis, Mr. John Denzil"
Jenkin,1,0,0.0,71,"Jenkin, Mr. Stephen Curnow"
Johanson,1,0,0.0,203,"Johanson, Mr. Jakob Alfred"
Jonkoff,1,0,0.0,754,"Jonkoff, Mr. Lalio"
Kallio,1,0,0.0,434,"Kallio, Mr. Nikolai Erland"
Kalvik,1,0,0.0,653,"Kalvik, Mr. Johannes Halvorsen"
Karaic,1,0,0.0,607,"Karaic, Mr. Milan"
Karlsson,1,0,0.0,479,"Karlsson, Mr. Nils August"
Kassem,1,0,0.0,525,"Kassem, Mr. Fared"
Keefe,1,0,0.0,471,"Keefe, Mr. Arthur"
Kent,1,0,0.0,488,"Kent, Mr. Edward Austin"
Kiernan,1,0,0.0,215,"Kiernan, Mr. Philip"
Kilgannon,1,0,0.0,779,"Kilgannon, Mr. Thomas J"
Kink,1,0,0.0,70,"Kink, Mr. Vincenz"
Kirkland,1,0,0.0,627,"Kirkland, Rev. Charles Leonard"
Klaber,1,0,0.0,712,"Klaber, Mr. Herman"
Klasen,1,0,0.0,176,"Klasen, Mr. Klas Albin"
Knight,1,0,0.0,733,"Knight, Mr. Robert J"
Kraeff,1,0,0.0,43,"Kraeff, Mr. Theodor"
Kvillner,1,0,0.0,440,"Kvillner, Mr. Johan Henrik Johannesson"
Lahoud,1,0,0.0,523,"Lahoud, Mr. Sarkis"
Lahtinen,1,0,0.0,313,"Lahtinen, Mrs. William (Anna Sylfven)"
Laitinen,1,0,0.0,504,"Laitinen, Miss. Kristina Sofia"
Laleff,1,0,0.0,879,"Laleff, Mr. Kristo"
Leinonen,1,0,0.0,637,"Leinonen, Mr. Antti Gustaf"
Lemberopolous,1,0,0.0,844,"Lemberopolous, Mr. Peter L"
Lennon,1,0,0.0,47,"Lennon, Mr. Denis"
Leonard,1,0,0.0,180,"Leonard, Mr. Lionel"
Lester,1,0,0.0,812,"Lester, Mr. James"
Levy,1,0,0.0,293,"Levy, Mr. Rene Jacques"
Lewy,1,0,0.0,296,"Lewy, Mr. Ervin G"
Leyson,1,0,0.0,235,"Leyson, Mr. Robert William Norman"
Lievens,1,0,0.0,771,"Lievens, Mr. Rene Aime"
Lindahl,1,0,0.0,247,"Lindahl, Miss. Agda Thorilda Viktoria"
Lindblom,1,0,0.0,277,"Lindblom, Miss. Augusta Charlotta"
Lindell,1,0,0.0,606,"Lindell, Mr. Edvard Bengtsson"
Ling,1,0,0.0,170,"Ling, Mr. Lee"
Long,1,0,0.0,783,"Long, Mr. Milton Clyde"
Lovell,1,0,0.0,228,"Lovell, Mr. John Hall (""Henry"")"
Lundahl,1,0,0.0,632,"Lundahl, Mr. Johan Svensson"
Mack,1,0,0.0,773,"Mack, Mrs. (Mary)"
Maenpaa,1,0,0.0,244,"Maenpaa, Mr. Matti Alexanteri"
Maisner,1,0,0.0,465,"Maisner, Mr. Simon"
Mangan,1,0,0.0,768,"Mangan, Miss. Mary"
Markoff,1,0,0.0,848,"Markoff, Mr. Marin"
Markun,1,0,0.0,882,"Markun, Mr. Johann"
Marvin,1,0,0.0,749,"Marvin, Mr. Daniel Warner"
Matthews,1,0,0.0,419,"Matthews, Mr. William John"
McCarthy,1,0,0.0,7,"McCarthy, Mr. Timothy J"
McEvoy,1,0,0.0,719,"McEvoy, Mr. Michael"
McKane,1,0,0.0,398,"McKane, Mr. Peter David"
McMahon,1,0,0.0,127,"McMahon, Mr. Martin"
McNamee,1,0,0.0,744,"McNamee, Mr. Neal"
Meanwell,1,0,0.0,565,"Meanwell, Miss. (Marion Ogden)"
Meek,1,0,0.0,416,"Meek, Mrs. Thomas (Annie Louise Rowley)"
Meo,1,0,0.0,153,"Meo, Mr. Alfonzo"
Mernagh,1,0,0.0,197,"Mernagh, Mr. Robert"
Millet,1,0,0.0,457,"Millet, Mr. Francis Davis"
Milling,1,0,0.0,464,"Milling, Mr. Jacob Christian"
Mineff,1,0,0.0,295,"Mineff, Mr. Ivan"
Mionoff,1,0,0.0,106,"Mionoff, Mr. Stoytcho"
Mitchell,1,0,0.0,673,"Mitchell, Mr. Henry Michael"
Mitkoff,1,0,0.0,651,"Mitkoff, Mr. Mito"
Moen,1,0,0.0,76,"Moen, Mr. Sigurd Hansen"
Molson,1,0,0.0,493,"Molson, Mr. Harry Markland"
Montvila,1,0,0.0,887,"Montvila, Rev. Juozas"
Moore,1,0,0.0,122,"Moore, Mr. Leonard Charles"
Moraweck,1,0,0.0,318,"Moraweck, Dr. Ernest"
Morrow,1,0,0.0,561,"Morrow, Mr. Thomas Rowan"
Moutal,1,0,0.0,78,"Moutal, Mr. Rahamin Haim"
Mudd,1,0,0.0,842,"Mudd, Mr. Thomas Charles"
Murdlin,1,0,0.0,590,"Murdlin, Mr. Joseph"
Myhrman,1,0,0.0,776,"Myhrman, Mr. Pehr Fabian Oliver Malkolm"
Naidenoff,1,0,0.0,288,"Naidenoff, Mr. Penko"
Nankoff,1,0,0.0,740,"Nankoff, Mr. Minko"
Natsch,1,0,0.0,274,"Natsch, Mr. Charles H"
Nenkoff,1,0,0.0,224,"Nenkoff, Mr. Christo"
Nicholls,1,0,0.0,146,"Nicholls, Mr. Joseph Charles"
Nicholson,1,0,0.0,546,"Nicholson, Mr. Arthur Ernest"
Nirva,1,0,0.0,762,"Nirva, Mr. Iisakki Antino Aijo"
Norman,1,0,0.0,563,"Norman, Mr. Robert Douglas"
Nosworthy,1,0,0.0,52,"Nosworthy, Mr. Richard Cater"
Novel,1,0,0.0,58,"Novel, Mr. Mansouer"
Nysveen,1,0,0.0,327,"Nysveen, Mr. Johan Hansen"
O'Connell,1,0,0.0,630,"O'Connell, Mr. Patrick D"
O'Connor,1,0,0.0,460,"O'Connor, Mr. Maurice"
O'Sullivan,1,0,0.0,503,"O'Sullivan, Miss. Bridget Mary"
Odahl,1,0,0.0,351,"Odahl, Mr. Nils Martin"
Olsvigen,1,0,0.0,683,"Olsvigen, Mr. Thor Anderson"
Osen,1,0,0.0,139,"Osen, Mr. Olaf Elon"
Ostby,1,0,0.0,55,"Ostby, Mr. Engelhart Cornelius"
Otter,1,0,0.0,796,"Otter, Mr. Richard"
Pain,1,0,0.0,399,"Pain, Dr. Alfred"
Parkes,1,0,0.0,278,"Parkes, Mr. Francis ""Frank"""
Parr,1,0,0.0,634,"Parr, Mr. William Henry Marsh"
Partner,1,0,0.0,332,"Partner, Mr. Austen"
Pasic,1,0,0.0,837,"Pasic, Mr. Jakob"
Patchett,1,0,0.0,576,"Patchett, Mr. George"
Paulner,1,0,0.0,585,"Paulner, Mr. Uscher"
Pavlovic,1,0,0.0,520,"Pavlovic, Mr. Stefo"
Peduzzi,1,0,0.0,455,"Peduzzi, Mr. Joseph"
Pekoniemi,1,0,0.0,116,"Pekoniemi, Mr. Edvard"
Pengelly,1,0,0.0,239,"Pengelly, Mr. Frederick William"
Perkin,1,0,0.0,213,"Perkin, Mr. John Henry"
Pernot,1,0,0.0,182,"Pernot, Mr. Rene"
Peters,1,0,0.0,681,"Peters, Miss. Katie"
Petranec,1,0,0.0,101,"Petranec, Miss. Matilda"
Petterson,1,0,0.0,443,"Petterson, Mr. Johan Emil"
Pettersson,1,0,0.0,808,"Pettersson, Miss. Ellen Natalia"
Plotcharsky,1,0,0.0,385,"Plotcharsky, Mr. Vasil"
Ponesell,1,0,0.0,801,"Ponesell, Mr. Martin"
Porter,1,0,0.0,111,"Porter, Mr. Walter Chamberlain"
Radeff,1,0,0.0,657,"Radeff, Mr. Alexander"
Razi,1,0,0.0,860,"Razi, Mr. Raihed"
Reed,1,0,0.0,251,"Reed, Mr. James George"
Reeves,1,0,0.0,266,"Reeves, Mr. David"
Rekic,1,0,0.0,109,"Rekic, Mr. Tido"
Reuchlin,1,0,0.0,823,"Reuchlin, Jonkheer. John George"
Richard,1,0,0.0,136,"Richard, Mr. Emile"
Ringhini,1,0,0.0,374,"Ringhini, Mr. Sante"
Rintamaki,1,0,0.0,591,"Rintamaki, Mr. Matti"
Risien,1,0,0.0,539,"Risien, Mr. Samuel Beard"
Robbins,1,0,0.0,558,"Robbins, Mr. Victor"
Robins,1,0,0.0,133,"Robins, Mrs. Alexander A (Grace Charity Laury)"
Roebling,1,0,0.0,868,"Roebling, Mr. Washington Augustus II"
Rogers,1,0,0.0,46,"Rogers, Mr. William John"
Rommetvedt,1,0,0.0,668,"Rommetvedt, Mr. Knud Paust"
Rood,1,0,0.0,186,"Rood, Mr. Hugh Roscoe"
Ross,1,0,0.0,584,"Ross, Mr. John Hugo"
Rouse,1,0,0.0,483,"Rouse, Mr. Richard Henry"
Rush,1,0,0.0,575,"Rush, Mr. Alfred George John"
Ryan,1,0,0.0,518,"Ryan, Mr. Patrick"
Sadlier,1,0,0.0,389,"Sadlier, Mr. Matthew"
Salonen,1,0,0.0,529,"Salonen, Mr. Johan Werner"
Samaan,1,0,0.0,49,"Samaan, Mr. Youssef"
Saundercock,1,0,0.0,13,"Saundercock, Mr. William Henry"
Sawyer,1,0,0.0,677,"Sawyer, Mr. Frederick Charles"
Scanlan,1,0,0.0,469,"Scanlan, Mr. James"
Sdycoff,1,0,0.0,411,"Sdycoff, Mr. Todor"
Sedgwick,1,0,0.0,344,"Sedgwick, Mr. Charles Frederick Waddington"
Sharp,1,0,0.0,552,"Sharp, Mr. Percival James R"
Shellard,1,0,0.0,498,"Shellard, Mr. Frederick William"
Shorney,1,0,0.0,96,"Shorney, Mr. Charles Joseph"
Simmons,1,0,0.0,564,"Simmons, Mr. John"
Sirayanian,1,0,0.0,61,"Sirayanian, Mr. Orsen"
Sirota,1,0,0.0,838,"Sirota, Mr. Maurice"
Sivic,1,0,0.0,562,"Sivic, Mr. Husein"
Sivola,1,0,0.0,174,"Sivola, Mr. Antti Wilhelm"
Sjostedt,1,0,0.0,233,"Sjostedt, Mr. Ernst Adolf"
Slabenoff,1,0,0.0,602,"Slabenoff, Mr. Petco"
Slemen,1,0,0.0,813,"Slemen, Mr. Richard James"
Slocovski,1,0,0.0,88,"Slocovski, Mr. Selman Francis"
Smart,1,0,0.0,468,"Smart, Mr. John Montgomery"
Smiljanic,1,0,0.0,159,"Smiljanic, Mr. Mile"
Sobey,1,0,0.0,135,"Sobey, Mr. Samuel James Hayden"
Soholt,1,0,0.0,716,"Soholt, Mr. Peter Andreas Lauritz Andersen"
Somerton,1,0,0.0,489,"Somerton, Mr. Francis William"
Staneff,1,0,0.0,77,"Staneff, Mr. Ivan"
Stankovic,1,0,0.0,286,"Stankovic, Mr. Ivan"
Stead,1,0,0.0,253,"Stead, Mr. William Thomas"
Stewart,1,0,0.0,65,"Stewart, Mr. Albert A"
Stoytcheff,1,0,0.0,567,"Stoytcheff, Mr. Ilia"
Strandberg,1,0,0.0,475,"Strandberg, Miss. Ida Sofia"
Sutehall,1,0,0.0,885,"Sutehall, Mr. Henry Jr"
Sutton,1,0,0.0,626,"Sutton, Mr. Frederick"
Theobald,1,0,0.0,759,"Theobald, Mr. Thomas Leonard"
Tikkanen,1,0,0.0,383,"Tikkanen, Mr. Juho"
Tobin,1,0,0.0,777,"Tobin, Mr. Roger"
Todoroff,1,0,0.0,30,"Todoroff, Mr. Lalio"
Tomlin,1,0,0.0,815,"Tomlin, Mr. Ernest Portage"
Torber,1,0,0.0,604,"Torber, Mr. Ernst William"
Toufik,1,0,0.0,532,"Toufik, Mr. Nakli"
Troupiansky,1,0,0.0,735,"Troupiansky, Mr. Moses Aaron"
Turcin,1,0,0.0,190,"Turcin, Mr. Stjepan"
Uruchurtu,1,0,0.0,31,"Uruchurtu, Don. Manuel E"
Van der hoef,1,0,0.0,171,"Van der hoef, Mr. Wyckoff"
Vande Velde,1,0,0.0,753,"Vande Velde, Mr. Johannes Joseph"
Vande Walle,1,0,0.0,201,"Vande Walle, Mr. Nestor Cyriel"
Vanden Steen,1,0,0.0,356,"Vanden Steen, Mr. Leo Peter"
Vander Cruyssen,1,0,0.0,874,"Vander Cruyssen, Mr. Victor"
Vestrom,1,0,0.0,15,"Vestrom, Miss. Hulda Amanda Adolfina"
Vovk,1,0,0.0,522,"Vovk, Mr. Janko"
Waelens,1,0,0.0,81,"Waelens, Mr. Achille"
Walker,1,0,0.0,516,"Walker, Mr. William Anderson"
Watson,1,0,0.0,675,"Watson, Mr. Ennis Hastings"
Weir,1,0,0.0,695,"Weir, Col. John"
Wheadon,1,0,0.0,34,"Wheadon, Mr. Edward H"
Widegren,1,0,0.0,407,"Widegren, Mr. Carl/Charles Peter"
Widener,1,0,0.0,378,"Widener, Mr. Harry Elkins"
Wiklund,1,0,0.0,372,"Wiklund, Mr. Jakob Alfred"
Willey,1,0,0.0,649,"Willey, Mr. Edward"
Williams-Lambert,1,0,0.0,352,"Williams-Lambert, Mr. Fletcher Fellows"
Windelov,1,0,0.0,492,"Windelov, Mr. Einar"
Wiseman,1,0,0.0,426,"Wiseman, Mr. Phillippe"
Wright,1,0,0.0,556,"Wright, Mr. George"
Youseff,1,0,0.0,204,"Youseff, Mr. Gerious"
Yousif,1,0,0.0,355,"Yousif, Mr. Wazli"
Yousseff,1,0,0.0,496,"Yousseff, Mr. Gerious"
Yrois,1,0,0.0,200,"Yrois, Miss. Henriette (""Mrs Harbeck"")"
Zimmerman,1,0,0.0,423,"Zimmerman, Mr. Leo"
de Pelsmaeker,1,0,0.0,283,"de Pelsmaeker, Mr. Alfons"
del Carlo,1,0,0.0,362,"del Carlo, Mr. Sebastiano"
van Billiard,1,0,0.0,154,"van Billiard, Mr. Austin Blyler"
van Melkebeke,1,0,0.0,869,"van Melkebeke, Mr. Philemon"
